Date,Open,High,Low,Close,Volume
2025-03-03,300.34,303.94,277.3,284.65,114705688.0
2025-02-28,279.5,293.88,273.6,292.98,115022796.0
2025-02-27,291.16,297.23,280.88,281.95,99675189.0
2025-02-26,303.715,309.0,288.04,290.8,99838297.0
2025-02-25,327.025,328.89,297.2512,302.8,134086111.0
2025-02-24,338.14,342.3973,324.7,330.53,75124361.0
2025-02-21,353.44,354.98,334.42,337.8,73307347.0
2025-02-20,361.51,362.3,348.0,354.4,45678444.0
2025-02-19,354.0,367.34,353.67,360.56,66414333.0
2025-02-18,355.01,359.1,350.02,354.11,50791983.0
2025-02-14,360.62,362.0,347.5,355.84,68035295.0
2025-02-13,345.0,358.69,342.85,355.94,89013891.0
2025-02-12,329.94,346.4,329.12,336.51,104510014.0
2025-02-11,345.8,349.37,325.1,328.5,117845662.0
2025-02-10,356.21,362.7,350.51,350.73,76663686.0
2025-02-07,370.19,380.5459,360.34,361.62,69940474.0
2025-02-06,373.03,375.4,363.18,374.32,77683541.0
2025-02-05,387.51,388.39,375.53,378.17,57122240.0
2025-02-04,382.63,394.0,381.4,392.21,56538834.0
2025-02-03,386.68,389.17,374.36,383.68,92548135.0
2025-01-31,401.53,419.99,401.34,404.6,83120943.0
2025-01-30,410.78,412.5,384.41,400.28,97306057.0
2025-01-29,395.21,398.5899,384.48,389.1,67539680.0
2025-01-28,396.91,400.59,386.5,398.09,48182215.0
2025-01-27,394.8,406.69,389.0,397.15,57530206.0
2025-01-24,414.45,418.88,405.78,406.58,56040899.0
2025-01-23,416.06,420.73,408.95,412.38,50256265.0
2025-01-22,416.81,428.0,414.59,415.11,58607285.0
2025-01-21,432.64,433.2,406.31,424.07,86135522.0
2025-01-17,421.5,439.74,419.75,426.5,93720727.0
2025-01-16,423.49,424.0,409.13,413.82,67415747.0
2025-01-15,409.9,429.8,405.661,428.22,80545916.0
2025-01-14,414.34,422.64,394.54,396.36,84320305.0
2025-01-13,383.21,403.79,380.07,403.31,66880038.0
2025-01-10,391.4,399.28,377.29,394.74,61855030.0
2025-01-08,392.95,402.4999,387.4,394.94,72031826.0
2025-01-07,405.83,414.33,390.0,394.36,74746864.0
2025-01-06,423.2,426.43,401.7,411.05,85279764.0
2025-01-03,381.48,411.8799,379.45,410.44,94141976.0
2025-01-02,390.1,392.7299,373.04,379.28,108874734.0
2024-12-31,423.79,427.93,402.54,403.84,75352539.0
2024-12-30,419.4,427.0,415.75,417.41,63882851.0
2024-12-27,449.52,450.0,426.5,431.66,82153407.0
2024-12-26,465.16,465.3299,451.02,454.13,76417798.0
2024-12-24,435.9,462.78,435.14,462.28,59371086.0
2024-12-23,431.0,434.51,415.4112,430.6,71671069.0
2024-12-20,425.505,447.08,417.64,421.06,129046402.0
2024-12-19,451.88,456.36,420.02,436.17,118488518.0
2024-12-18,466.495,488.5399,427.01,440.13,149033301.0
2024-12-17,475.9,483.99,457.5101,479.86,129534242.0
2024-12-16,441.09,463.19,436.15,463.02,113147500.0
2024-12-13,420.0,436.3,415.71,436.23,88419044.0
2024-12-12,424.84,429.3,415.0,418.1,87450947.0
2024-12-11,409.7,424.88,402.38,424.77,103207026.0
2024-12-10,392.68,409.73,390.85,400.99,97619098.0
2024-12-09,397.61,404.8,378.01,389.79,95373769.0
2024-12-06,377.42,389.49,370.8,389.22,80930635.0
2024-12-05,359.87,375.43,359.5,369.49,80671224.0
2024-12-04,353.0,358.1,348.6,357.93,49419848.0
2024-12-03,351.8,355.69,348.2,351.42,57079765.0
2024-12-02,352.38,360.0,351.1501,357.09,76206078.0
2024-11-29,336.08,345.45,334.6501,345.16,36645458.0
2024-11-27,341.8,342.55,326.59,332.89,57181887.0
2024-11-26,341.0,346.96,335.66,338.23,61382497.0
2024-11-25,360.14,361.93,338.2,338.59,91310133.0
2024-11-22,341.085,361.53,337.7,352.56,88350753.0
2024-11-21,343.81,347.9899,335.28,339.64,57790226.0
2024-11-20,345.0,346.5999,334.3,342.03,64842707.0
2024-11-19,335.76,347.3799,332.75,346.0,88501177.0
2024-11-18,340.73,348.5499,330.01,338.74,123345498.0
2024-11-15,310.57,324.6799,309.22,320.72,114042990.0
2024-11-14,327.69,329.98,310.37,311.18,120073937.0
2024-11-13,335.85,344.5999,322.5,330.24,123989652.0
2024-11-12,342.74,345.84,323.31,328.49,155039630.0
2024-11-11,346.3,358.64,336.0,350.0,209748330.0
2024-11-08,299.14,328.71,297.66,321.22,204046950.0
2024-11-07,288.89,299.75,285.52,296.91,114667321.0
2024-11-06,284.67,289.59,275.62,288.53,163679097.0
2024-11-05,247.34,255.2799,246.2101,251.44,68425207.0
2024-11-04,244.56,248.9,238.88,242.84,68149888.0
2024-11-01,252.043,254.0,246.63,248.98,56067847.0
2024-10-31,257.99,259.75,249.25,249.85,66015745.0
2024-10-30,258.035,263.35,255.8201,257.55,53526024.0
2024-10-29,264.51,264.98,255.51,259.52,79159226.0
2024-10-28,270.0,273.536,262.24,262.51,104072158.0
2024-10-25,256.01,269.49,255.32,269.19,160681271.0
2024-10-24,244.68,262.1199,242.65,260.48,202723976.0
2024-10-23,217.125,218.72,212.11,213.65,80657197.0
2024-10-22,217.31,218.22,215.26,217.97,42731933.0
2024-10-21,218.9,220.48,215.726,218.85,47146717.0
2024-10-18,220.71,222.28,219.23,220.7,48945495.0
2024-10-17,221.59,222.08,217.9,220.89,48562745.0
2024-10-16,221.4,222.8199,218.93,221.33,49357786.0
2024-10-15,220.01,224.26,217.12,219.57,61922241.0
2024-10-14,220.13,221.91,213.74,219.16,85546051.0
2024-10-11,220.13,223.34,214.38,217.8,140339211.0
2024-10-10,241.81,242.7899,232.34,238.77,82659329.0
2024-10-09,243.82,247.43,239.51,241.05,66115710.0
2024-10-08,243.56,246.21,240.56,244.5,54199703.0
2024-10-07,249.0,249.83,240.7,240.83,65363518.0
2024-10-04,246.69,250.96,244.58,250.08,85665152.0
2024-10-03,244.48,249.79,237.81,240.66,80518151.0
2024-10-02,247.55,251.1585,241.5,249.02,93673015.0
2024-10-01,262.67,263.98,248.53,258.02,87151662.0
2024-09-30,259.04,264.86,255.77,261.63,80522643.0
2024-09-27,257.375,260.6999,254.12,260.46,69096904.0
2024-09-26,260.6,261.75,251.53,254.22,66063159.0
2024-09-25,252.54,257.05,252.28,257.02,64864664.0
2024-09-24,254.08,257.19,249.0501,254.27,88103581.0
2024-09-23,242.61,250.0,241.92,250.0,86231314.0
2024-09-20,241.52,243.99,235.92,238.25,95902667.0
2024-09-19,234.0,244.24,232.13,243.92,101584843.0
2024-09-18,230.09,235.68,226.88,227.2,77774346.0
2024-09-17,229.45,234.57,226.5533,227.87,66241258.0
2024-09-16,229.3,229.96,223.53,226.78,54052776.0
2024-09-13,228.0,232.67,226.32,230.29,59338842.0
2024-09-12,224.66,231.45,223.83,229.81,71578195.0
2024-09-11,224.55,228.47,216.8003,228.13,82825735.0
2024-09-10,220.07,226.4,218.6377,226.17,78722701.0
2024-09-09,216.2,219.87,213.67,216.27,67122525.0
2024-09-06,232.6,233.6,210.51,210.73,111638920.0
2024-09-05,223.49,235.0,222.25,230.17,118826457.0
2024-09-04,210.59,222.22,210.57,219.41,80216353.0
2024-09-03,215.26,219.9043,209.64,210.6,76489824.0
2024-08-30,208.63,214.5701,207.03,214.11,62638658.0
2024-08-29,209.8,214.89,205.97,206.28,62122474.0
2024-08-28,209.72,211.84,202.59,205.75,63769540.0
2024-08-27,213.25,215.66,206.94,209.21,61905404.0
2024-08-26,218.75,219.09,211.01,213.21,59028609.0
2024-08-23,214.455,221.48,214.21,220.32,81276311.0
2024-08-22,223.82,224.8,210.32,210.66,76545496.0
2024-08-21,222.67,224.6594,218.86,223.27,70042505.0
2024-08-20,224.88,228.22,219.56,221.1,73524059.0
2024-08-19,217.07,222.98,214.09,222.72,76302406.0
2024-08-16,211.15,219.8,210.8,216.12,86786311.0
2024-08-15,205.02,215.88,204.82,214.14,88871167.0
2024-08-14,207.39,208.44,198.75,201.38,70078561.0
2024-08-13,198.47,208.49,197.06,207.83,76083590.0
2024-08-12,199.02,199.26,194.67,197.49,61959291.0
2024-08-09,197.05,200.88,195.11,200.0,58101081.0
2024-08-08,195.7,200.7,192.04,198.84,64274401.0
2024-08-07,200.77,203.49,191.48,191.76,70207473.0
2024-08-06,200.75,202.9,192.67,200.64,73770212.0
2024-08-05,185.22,203.8799,182.0,198.88,100246088.0
2024-08-02,214.88,216.13,205.78,207.67,82234216.0
2024-08-01,227.69,231.867,214.3328,216.86,83140754.0
2024-07-31,227.9,234.68,226.7875,232.07,66161613.0
2024-07-30,232.25,232.41,220.0,222.62,99636784.0
2024-07-29,224.9,234.27,224.7,232.1,129034809.0
2024-07-26,221.19,222.2799,215.33,219.8,94193381.0
2024-07-25,216.8,226.0,216.231,220.25,100625306.0
2024-07-24,225.42,225.99,214.71,215.99,165332940.0
2024-07-23,253.6,255.7594,245.63,246.38,111696967.0
2024-07-22,244.21,253.21,243.75,251.51,100882590.0
2024-07-19,247.79,249.01,236.83,239.2,86886801.0
2024-07-18,251.09,257.14,247.2,249.23,110466857.0
2024-07-17,252.73,258.47,246.182,248.5,115413916.0
2024-07-16,255.31,258.62,245.8001,256.56,125997617.0
2024-07-15,255.97,265.6,251.73,252.64,146761093.0
2024-07-12,235.8,251.84,233.0912,248.23,155586058.0
2024-07-11,263.3,271.0,239.65,241.03,221146443.0
2024-07-10,262.8,267.59,257.86,263.26,128147806.0
2024-07-09,251.0,265.61,250.3,262.33,160504459.0
2024-07-08,247.71,259.439,244.57,252.94,156752314.0
2024-07-05,249.81,252.37,242.4601,251.52,154131107.0
2024-07-03,234.56,248.35,234.25,246.39,166343523.0
2024-07-02,218.89,231.3,218.06,231.26,204556459.0
2024-07-01,201.02,213.23,200.85,209.86,135280878.0
2024-06-28,199.55,203.2,195.26,197.88,94332659.0
2024-06-27,195.17,198.72,194.05,197.42,72427210.0
2024-06-26,186.54,197.755,186.36,196.37,95064605.0
2024-06-25,184.4,187.97,182.01,187.35,63280946.0
2024-06-24,184.97,188.8,182.55,182.58,61688204.0
2024-06-21,182.3,183.95,180.69,183.01,58960360.0
2024-06-20,184.68,185.21,179.66,181.57,55627273.0
2024-06-18,186.56,187.2,182.37,184.86,68714255.0
2024-06-17,177.92,188.81,177.0,187.44,109340095.0
2024-06-14,185.8,186.0,176.92,178.01,81578715.0
2024-06-13,188.39,191.08,181.23,182.47,118715335.0
2024-06-12,171.12,180.55,169.8,177.29,90153542.0
2024-06-11,173.92,174.75,167.41,170.66,64249574.0
2024-06-10,176.06,178.57,173.17,173.79,50440823.0
2024-06-07,176.13,179.35,175.58,177.48,55543307.0
2024-06-06,174.6,179.73,172.73,177.94,69438576.0
2024-06-05,175.35,176.15,172.13,175.0,56814844.0
2024-06-04,174.775,177.755,174.0,174.77,59777023.0
2024-06-03,178.13,182.6389,174.49,176.29,68118079.0
2024-05-31,178.5,180.32,173.82,178.08,66508169.0
2024-05-30,178.575,182.67,175.38,178.79,77349396.0
2024-05-29,174.19,178.15,173.93,176.19,54300232.0
2024-05-28,176.4,178.25,173.16,176.75,59434663.0
2024-05-24,174.835,180.08,173.73,179.24,65270287.0
2024-05-23,181.8,181.9,173.26,173.74,71613271.0
2024-05-22,182.85,183.8,178.12,180.11,88166494.0
2024-05-21,175.51,186.875,174.71,186.6,114991067.0
2024-05-20,177.56,177.754,173.52,174.95,61555732.0
2024-05-17,173.55,179.63,172.75,177.46,77339073.0
2024-05-16,174.1,175.79,171.43,174.84,59267811.0
2024-05-15,179.9,180.0,173.11,173.99,79231129.0
2024-05-14,174.4959,179.49,174.07,177.55,86224294.0
2024-05-13,170.0,175.4,169.0,171.89,66526102.0
2024-05-10,173.05,173.0599,167.75,168.47,72482318.0
2024-05-09,175.01,175.62,171.37,171.97,65837398.0
2024-05-08,171.59,176.06,170.15,174.72,79854520.0
2024-05-07,182.4,183.26,177.4,177.81,74708154.0
2024-05-06,183.8,187.56,182.2,184.76,84272924.0
2024-05-03,182.1,184.78,178.42,181.19,75343673.0
2024-05-02,182.86,184.6,176.02,180.01,88958756.0
2024-05-01,182.0,185.86,179.01,179.99,92594635.0
2024-04-30,186.98,190.95,182.8401,183.28,126656434.0
2024-04-29,188.42,198.87,184.54,194.05,243275829.0
2024-04-26,168.85,172.12,166.37,168.29,109317128.0
2024-04-25,158.96,170.88,158.36,170.18,125931072.0
2024-04-24,162.84,167.97,157.51,162.13,180316986.0
2024-04-23,143.33,147.26,141.11,144.68,123796579.0
2024-04-22,140.56,144.44,138.8025,142.05,106810324.0
2024-04-19,148.97,150.94,146.22,147.05,86619782.0
2024-04-18,151.25,152.2,148.7,149.93,95813951.0
2024-04-17,157.64,158.33,153.78,155.45,82235384.0
2024-04-16,156.742,158.19,153.75,157.11,96552691.0
2024-04-15,170.24,170.69,161.38,161.48,99778591.0
2024-04-12,172.34,173.8099,170.3644,171.05,64694669.0
2024-04-11,172.55,175.88,168.51,174.6,94500987.0
2024-04-10,173.04,174.93,170.01,171.76,84490407.0
2024-04-09,172.91,179.22,171.92,176.88,103224375.0
2024-04-08,169.34,174.5,167.79,172.98,104362520.0
2024-04-05,169.08,170.86,160.51,164.9,142987603.0
2024-04-04,170.07,177.19,168.01,171.11,123127860.0
2024-04-03,164.02,168.82,163.28,168.38,82890791.0
2024-04-02,164.75,167.69,163.43,166.63,116639094.0
2024-04-01,176.17,176.75,170.21,175.22,81562127.0
2024-03-28,177.45,179.57,175.3,175.79,77633508.0
2024-03-27,181.41,181.91,176.0,179.83,81804043.0
2024-03-26,178.58,184.25,177.38,177.67,113131227.0
2024-03-25,168.76,175.24,168.73,172.63,74228615.0
2024-03-22,166.69,171.2,166.3,170.83,75540637.0
2024-03-21,176.39,178.18,171.8,172.82,73067414.0
2024-03-20,173.0,176.25,170.82,175.66,83846726.0
2024-03-19,172.36,172.82,167.42,171.32,77268528.0
2024-03-18,170.02,174.72,165.9,173.8,108217337.0
2024-03-15,163.16,165.1845,160.76,163.57,96978832.0
2024-03-14,167.77,171.17,160.51,162.5,126242246.0
2024-03-13,173.05,176.05,169.15,169.48,106518518.0
2024-03-12,177.77,179.43,172.4101,177.54,87303524.0
2024-03-11,175.445,182.87,174.8,177.77,85241528.0
2024-03-08,181.5,182.73,174.7,175.34,85544644.0
2024-03-07,174.35,180.04,173.7,178.65,102129004.0
2024-03-06,179.99,181.576,173.7,176.54,107869464.0
2024-03-05,183.05,184.59,177.57,180.74,119597758.0
2024-03-04,198.73,199.75,186.72,188.14,134301269.0
2024-03-01,200.52,204.52,198.5,202.64,82243119.0
2024-02-29,204.18,205.28,198.4463,201.88,85905374.0
2024-02-28,200.42,205.3,198.44,202.04,99806173.0
2024-02-27,204.04,205.6,198.26,199.73,108606912.0
2024-02-26,192.29,201.78,192.0,199.4,111628616.0
2024-02-23,195.31,197.57,191.5,191.97,78841917.0
2024-02-22,194.0,198.32,191.36,197.41,92739461.0
2024-02-21,193.36,199.44,191.95,194.77,103844008.0
2024-02-20,196.13,198.6,189.13,193.76,104537762.0
2024-02-16,202.06,203.17,197.4,199.95,111346705.0
2024-02-15,189.16,200.88,188.8595,200.45,120815962.0
2024-02-14,185.3,188.89,183.35,188.71,81202987.0
2024-02-13,183.99,187.26,182.1087,184.02,86759478.0
2024-02-12,192.11,194.73,187.28,188.13,95431097.0
2024-02-09,190.18,194.12,189.48,193.57,84476347.0
2024-02-08,189.0,191.6171,185.58,189.56,83034043.0
2024-02-07,188.18,189.79,182.68,187.58,111535217.0
2024-02-06,177.21,186.49,177.11,185.1,122575954.0
2024-02-05,184.26,184.68,175.01,181.06,133945447.0
2024-02-02,185.04,188.69,182.0,187.91,110612672.0
2024-02-01,188.5,189.88,184.28,188.86,91843275.0
2024-01-31,186.995,193.97,185.8459,187.29,103221430.0
2024-01-30,195.33,196.3593,190.61,191.59,109965827.0
2024-01-29,185.63,191.48,183.67,190.93,124961148.0
2024-01-26,185.5,186.78,182.1,183.25,107387389.0
2024-01-25,189.7,193.0,180.06,182.63,197923887.0
2024-01-24,211.88,212.73,206.77,207.83,123285962.0
2024-01-23,211.3,215.65,207.7516,209.14,106537446.0
2024-01-22,212.26,217.8,206.27,208.8,117952527.0
2024-01-19,209.99,213.19,207.56,212.19,102120143.0
2024-01-18,216.88,217.45,208.74,211.88,108560656.0
2024-01-17,214.86,215.67,212.01,215.55,103130830.0
2024-01-16,215.1,223.49,212.18,219.91,114835186.0
2024-01-12,220.08,225.34,217.1501,218.89,122915812.0
2024-01-11,230.57,230.93,225.37,227.22,105871212.0
2024-01-10,235.1,235.5,231.29,233.94,91612402.0
2024-01-09,238.11,238.9646,232.04,234.96,96701528.0
2024-01-08,236.14,241.25,235.3,240.45,85163330.0
2024-01-05,236.86,240.1196,234.9001,237.49,92488939.0
2024-01-04,239.25,242.7,237.73,237.93,102618283.0
2024-01-03,244.98,245.68,236.32,238.45,121082599.0
2024-01-02,250.08,251.25,244.41,248.42,104654163.0
2023-12-29,255.1,255.19,247.43,248.48,100891578.0
2023-12-28,263.66,265.13,252.71,253.18,113619943.0
2023-12-27,258.35,263.34,257.52,261.44,106481409.0
2023-12-26,254.49,257.97,252.91,256.61,86892382.0
2023-12-22,256.76,258.22,251.37,252.54,93368169.0
2023-12-21,251.9,254.7999,248.55,254.5,109594227.0
2023-12-20,256.41,259.84,247.0,247.14,125096987.0
2023-12-19,253.48,258.3399,253.01,257.22,106690869.0
2023-12-18,253.78,258.74,251.36,252.08,116388940.0
2023-12-15,251.21,254.13,248.3,253.5,135857762.0
2023-12-14,241.22,253.88,240.79,251.05,160645939.0
2023-12-13,234.19,240.3,228.2,239.29,146266957.0
2023-12-12,238.55,238.99,233.87,237.01,95326563.0
2023-12-11,242.74,243.441,237.45,239.74,97911388.0
2023-12-08,240.27,245.27,239.2701,243.84,103123229.0
2023-12-07,241.55,244.08,236.98,242.64,107142262.0
2023-12-06,242.92,246.57,239.1709,239.37,126436179.0
2023-12-05,233.87,246.66,233.7,238.72,137964815.0
2023-12-04,235.75,239.3733,233.2902,235.58,104088317.0
2023-12-01,233.14,240.19,231.9,238.83,121303661.0
2023-11-30,245.14,245.22,236.91,240.08,132353076.0
2023-11-29,249.21,252.75,242.76,244.14,135380335.0
2023-11-28,236.68,247.0,234.01,246.72,148549913.0
2023-11-27,236.89,238.33,232.1,236.08,112031163.0
2023-11-24,233.75,238.75,232.33,235.45,65125203.0
2023-11-22,242.04,244.01,231.4,234.21,118117078.0
2023-11-21,235.04,243.62,233.34,241.2,122248300.0
2023-11-20,234.04,237.1,231.02,235.6,116562402.0
2023-11-17,232.0,237.39,226.54,234.3,142766234.0
2023-11-16,239.49,240.88,230.96,233.59,136774269.0
2023-11-15,239.29,246.7,236.45,242.84,150353975.0
2023-11-14,235.03,238.135,230.72,237.41,149762546.0
2023-11-13,215.6,225.4,211.6101,223.71,140428469.0
2023-11-10,210.03,215.38,205.69,214.65,131295153.0
2023-11-09,219.75,220.8,206.68,209.98,142065154.0
2023-11-08,223.15,224.15,217.64,222.11,106384841.0
2023-11-07,219.98,223.12,215.72,222.18,116897380.0
2023-11-06,223.98,226.32,215.0,219.27,116835820.0
2023-11-03,221.15,226.3701,218.4,219.96,119526048.0
2023-11-02,212.97,219.2,211.45,218.51,125959421.0
2023-11-01,204.04,205.99,197.85,205.66,121661656.0
2023-10-31,196.12,202.8,194.07,200.84,118053273.0
2023-10-30,209.28,211.35,191.25,197.36,136460923.0
2023-10-27,210.6,212.41,205.77,207.3,94717973.0
2023-10-26,211.32,214.8,204.88,205.76,115095735.0
2023-10-25,215.88,220.1,212.2,212.42,107049087.0
2023-10-24,216.5,222.05,214.11,216.52,118096713.0
2023-10-23,210.0,216.98,202.51,212.08,150453468.0
2023-10-20,217.01,218.8606,210.42,211.99,137930095.0
2023-10-19,225.95,230.61,216.78,220.11,170588573.0
2023-10-18,252.7,254.63,242.08,242.68,125116646.0
2023-10-17,250.1,257.183,247.08,254.85,93535509.0
2023-10-16,250.05,255.3999,248.48,253.92,88916276.0
2023-10-13,258.9,259.6,250.22,251.12,102137686.0
2023-10-12,262.92,265.41,256.6307,258.87,111508114.0
2023-10-11,266.2,268.6,260.9,262.99,103706266.0
2023-10-10,257.75,268.94,257.65,263.62,122656030.0
2023-10-09,255.31,261.36,252.05,259.67,101377947.0
2023-10-06,253.98,261.65,250.65,260.53,118108312.0
2023-10-05,260.0,263.6,256.25,260.05,119159214.0
2023-10-04,248.14,261.86,247.6,261.16,129721567.0
2023-10-03,248.61,250.02,244.45,246.53,101985305.0
2023-10-02,244.81,254.2799,242.62,251.6,123810402.0
2023-09-29,250.0,254.77,246.35,250.22,128472729.0
2023-09-28,240.02,247.55,238.65,246.38,117043180.0
2023-09-27,244.262,245.33,234.58,240.5,136585184.0
2023-09-26,242.98,249.55,241.6601,244.12,101934431.0
2023-09-25,243.38,247.1,238.31,246.99,104583747.0
2023-09-22,257.4,257.7888,244.48,244.88,127524083.0
2023-09-21,257.85,260.86,254.21,255.7,119803341.0
2023-09-20,267.04,273.93,262.4606,262.59,122491643.0
2023-09-19,264.35,267.85,261.2,266.5,103677113.0
2023-09-18,271.16,271.44,263.7601,265.28,101540959.0
2023-09-15,277.55,278.98,271.0,274.39,133692313.0
2023-09-14,271.32,276.7094,270.42,276.04,107709842.0
2023-09-13,270.07,274.98,268.1,271.3,111673737.0
2023-09-12,270.76,278.39,266.6,267.48,135991116.0
2023-09-11,264.27,274.85,260.61,273.58,174667852.0
2023-09-08,251.22,256.52,246.67,248.5,118558435.0
2023-09-07,245.07,252.81,243.265,251.49,115312886.0
2023-09-06,255.135,255.39,245.06,251.92,116952759.0
2023-09-05,245.0,258.0,244.86,256.49,129455425.0
2023-09-01,257.26,259.0794,242.01,245.01,132481248.0
2023-08-31,255.98,261.18,255.05,258.08,108861698.0
2023-08-30,254.2,260.51,250.59,256.9,121978637.0
2023-08-29,238.58,257.48,237.77,257.18,134012603.0
2023-08-28,242.58,244.38,235.35,238.82,107673727.0
2023-08-25,231.31,239.0,230.35,238.59,106612231.0
2023-08-24,238.66,238.92,228.1801,230.04,99777432.0
2023-08-23,229.34,238.98,229.29,236.86,101077635.0
2023-08-22,240.25,240.82,229.55,233.19,130586984.0
2023-08-21,221.5512,232.1343,220.58,231.28,135675321.0
2023-08-18,214.12,217.58,212.36,215.49,136244960.0
2023-08-17,226.06,226.74,218.83,219.22,120704917.0
2023-08-16,228.02,233.97,225.38,225.6,112426570.0
2023-08-15,238.73,240.5,232.61,232.96,88185999.0
2023-08-14,235.7,240.66,233.75,239.76,98565731.0
2023-08-11,241.77,243.79,238.02,242.65,99038642.0
2023-08-10,245.4,251.8,243.0,245.34,109498608.0
2023-08-09,250.87,251.1,241.9,242.19,101526974.0
2023-08-08,247.45,250.92,245.01,249.7,96630383.0
2023-08-07,251.45,253.6511,242.76,251.45,111084193.0
2023-08-04,260.97,264.77,253.11,253.86,99539907.0
2023-08-03,252.04,260.49,252.0,259.32,97795545.0
2023-08-02,255.57,259.52,250.49,254.11,101741165.0
2023-08-01,266.26,266.47,260.25,261.07,83645720.0
2023-07-31,267.48,269.08,263.78,267.43,84582172.0
2023-07-28,259.86,267.25,258.2312,266.44,111346026.0
2023-07-27,268.31,269.13,255.3,255.71,103688763.0
2023-07-26,263.25,268.04,261.75,264.35,95643449.0
2023-07-25,272.38,272.9,265.0,265.28,112736277.0
2023-07-24,255.85,269.85,254.12,269.06,137004890.0
2023-07-21,268.0,268.0,255.8,260.02,160727973.0
2023-07-20,279.56,280.93,261.2,262.9,175157173.0
2023-07-19,296.04,299.29,289.5201,291.26,142337536.0
2023-07-18,290.15,295.26,286.01,293.34,112430213.0
2023-07-17,286.625,292.23,283.57,290.38,131036703.0
2023-07-14,277.01,285.3,276.31,281.38,120062369.0
2023-07-13,274.59,279.45,270.6,277.9,112643377.0
2023-07-12,276.325,276.52,271.46,271.99,95672096.0
2023-07-11,268.65,270.9,266.37,269.79,91962158.0
2023-07-10,276.47,277.52,265.1,269.61,119424888.0
2023-07-07,278.43,280.78,273.77,274.43,113877074.0
2023-07-06,278.09,279.97,272.88,276.54,120707419.0
2023-07-05,278.82,283.85,277.6,282.48,131530722.0
2023-07-03,276.49,284.25,275.11,279.82,119685880.0
2023-06-30,260.6,264.45,259.89,261.77,112611784.0
2023-06-29,258.03,260.74,253.61,257.5,131283360.0
2023-06-28,249.7,259.88,248.89,256.24,159743027.0
2023-06-27,243.24,250.3899,240.85,250.21,164969701.0
2023-06-26,250.065,258.37,240.7,241.05,179982707.0
2023-06-23,259.29,262.45,252.8,256.6,177443153.0
2023-06-22,250.77,265.0,248.25,264.61,166575944.0
2023-06-21,275.13,276.99,257.78,259.46,211779399.0
2023-06-20,261.5,274.75,261.12,274.45,165599166.0
2023-06-16,258.92,263.6,257.2091,260.54,167765649.0
2023-06-15,248.4,258.95,247.29,255.9,160133746.0
2023-06-14,260.17,261.57,250.5,256.79,170543752.0
2023-06-13,253.51,259.68,251.34,258.71,162369003.0
2023-06-12,247.94,250.97,244.59,249.83,150739148.0
2023-06-09,249.07,252.42,242.02,244.4,200174671.0
2023-06-08,224.22,235.23,223.01,234.86,164477139.0
2023-06-07,228.0,230.8296,223.2,224.57,185630591.0
2023-06-06,216.14,221.91,212.53,221.31,146907576.0
2023-06-05,217.8,221.29,214.52,217.61,151111552.0
2023-06-02,210.15,217.25,209.752,213.97,164397946.0
2023-06-01,202.59,209.8,199.37,207.52,148029931.0
2023-05-31,199.78,203.95,195.12,203.93,150663736.0
2023-05-30,200.1,204.48,197.53,201.16,128811186.0
2023-05-26,184.62,198.6,184.53,193.17,162030446.0
2023-05-25,186.54,186.78,180.58,184.47,96870719.0
2023-05-24,182.23,184.22,178.22,182.9,137603831.0
2023-05-23,186.2,192.96,185.26,185.77,156952042.0
2023-05-22,180.7,189.32,180.11,188.87,132001430.0
2023-05-19,177.17,181.95,176.31,180.14,136190926.0
2023-05-18,174.22,177.06,172.45,176.89,109520332.0
2023-05-17,168.41,174.5,167.185,173.86,125439358.0
2023-05-16,165.65,169.5184,164.35,166.52,98287142.0
2023-05-15,167.655,169.76,164.5499,166.35,105592510.0
2023-05-12,176.07,177.38,167.23,167.98,157768815.0
2023-05-11,168.7,173.57,166.79,172.08,103871205.0
2023-05-10,172.55,174.43,166.68,168.54,119798843.0
2023-05-09,168.95,169.82,166.56,169.15,88859843.0
2023-05-08,173.72,173.8,169.19,171.79,112248249.0
2023-05-05,163.97,170.7899,163.51,170.06,107575799.0
2023-05-04,162.71,162.95,159.65,161.2,95108192.0
2023-05-03,160.01,165.0,159.91,160.61,119712912.0
2023-05-02,161.88,165.49,158.93,160.31,128259744.0
2023-05-01,163.17,163.28,158.83,161.83,109000248.0
2023-04-28,160.9,165.0,157.32,164.31,122515812.0
2023-04-27,152.64,160.48,152.37,160.19,127015177.0
2023-04-26,160.29,160.67,153.14,153.75,153364142.0
2023-04-25,159.82,163.47,158.75,160.67,121999312.0
2023-04-24,164.65,165.65,158.61,162.55,140006559.0
2023-04-21,164.8,166.0,161.3208,165.08,123538954.0
2023-04-20,166.165,169.7,160.56,162.99,210925047.0
2023-04-19,179.1,183.5,177.65,180.59,125727287.0
2023-04-18,187.15,187.69,183.5775,184.31,92066996.0
2023-04-17,186.32,189.69,182.69,187.04,116662189.0
2023-04-14,183.95,186.28,182.01,185.0,96408489.0
2023-04-13,182.955,186.5,180.94,185.9,112932985.0
2023-04-12,190.74,191.5846,180.31,180.54,150256278.0
2023-04-11,186.69,189.19,185.6475,186.79,115770892.0
2023-04-10,179.94,185.1,176.11,184.51,142054637.0
2023-04-06,183.08,186.39,179.74,185.06,123857932.0
2023-04-05,190.515,190.68,183.76,185.52,133882193.0
2023-04-04,197.32,198.7446,190.32,192.58,126444045.0
2023-04-03,199.91,202.6897,192.2,194.77,169239000.0
2023-03-31,197.53,207.79,197.2,207.46,170206718.0
2023-03-30,195.58,197.33,194.42,195.28,110247738.0
2023-03-29,193.13,195.29,189.44,193.88,123660026.0
2023-03-28,192.0,192.35,185.43,189.19,98654635.0
2023-03-27,194.415,197.39,189.94,191.81,120851587.0
2023-03-24,191.65,192.36,187.15,190.41,116511584.0
2023-03-23,195.26,199.31,188.65,192.22,144193876.0
2023-03-22,199.3,200.66,190.95,191.15,150370133.0
2023-03-21,188.28,198.0,188.04,197.58,153391444.0
2023-03-20,178.08,186.44,176.35,183.25,129284359.0
2023-03-17,184.515,186.2199,177.33,180.13,132582140.0
2023-03-16,180.365,185.81,178.84,184.13,121364253.0
2023-03-15,180.8,182.34,176.03,180.45,145973833.0
2023-03-14,177.31,183.8,177.1401,183.26,143717897.0
2023-03-13,167.455,177.35,163.91,174.48,167790256.0
2023-03-10,175.13,178.29,168.44,173.44,191488872.0
2023-03-09,180.25,185.18,172.5124,172.92,170023794.0
2023-03-08,185.04,186.5,180.0,182.0,151731963.0
2023-03-07,191.38,194.2,186.1,187.71,148125790.0
2023-03-06,198.54,198.6,192.3,193.81,128086106.0
